Section,Details
Overall,"{'output_text': 'Replit, formerly known as Repl.it, is an American start-up that provides an online integrated development environment (IDE) for users to create online programming projects called repls. The platform allows users to write, test, and debug code in various programming languages without the need for local installations of development tools. Replit exists to offer a convenient and collaborative coding environment that enables users to work on projects from anywhere with an internet connection. It also supports features such as pulling code from GitHub repositories, linking repls to GitHub, debugger and unit testing support, secrets management, key-value databases, and machine learning-powered code completion suggestions. Overall, Replit aims to streamline the coding process and make it more accessible to developers of all levels.'}"
Target users,"{'output_text': 'Replit is intended for a wide range of users, including students, educators, hobbyists, and professional developers. Students can use Replit for learning and practicing coding skills, educators can utilize it for teaching programming concepts in a classroom setting, hobbyists can work on personal projects and collaborate with others, and professional developers can use it for prototyping, testing, and sharing code with team members. The platform caters to individuals who want a user-friendly and accessible environment for coding, regardless of their level of expertise.'}"
Problems,"{'output_text': ""Target users seek out and adopt Replit for several reasons:\n\n1. Accessibility: Replit provides an online integrated development environment (IDE) that supports a variety of programming languages, making it accessible to users with different coding backgrounds and preferences.\n\n2. Collaboration: Replit allows users to easily share their code with others, collaborate on projects in real-time, and provide feedback, making it a valuable tool for students working on group projects or professional developers working in teams.\n\n3. Education: For students and educators, Replit offers a platform for learning and teaching programming concepts, with features like debugger and unit testing support, code completion suggestions powered by machine learning, and chat software development.\n\n4. Convenience: Replit's features, such as pulling code from GitHub repositories, linking Repls to GitHub repositories, and zero-setup unit testing, streamline the coding process and make it more efficient for users to work on their projects.\n\n5. Privacy and Security: Replit's secrets management feature allows users to hide sensitive information from others who view their Repls publicly, ensuring the security of their data and code.\n\nOverall, target users adopt Replit for its user-friendly interface, collaborative capabilities, educational resources, and convenience in coding and project management.""}"
Solutions,"{'output_text': ""Replit addresses the reasons for target users to seek out and adopt it in the following ways:\n\n1. Accessibility: Replit offers an online IDE that supports a wide range of programming languages, making it accessible to users with different coding backgrounds. Users can easily create new Repls through official language templates or custom Nix configurations, providing flexibility in their coding environment.\n\n2. Collaboration: Replit enables real-time collaboration through features like Replit Multiplayer, allowing users to code together and provide feedback instantly. Users can also pull code from GitHub repositories, link Repls to GitHub repositories, and use the Debugger Adapter Protocol for debugging services, enhancing collaboration among team members.\n\n3. Education: For students and educators, Replit provides a platform for learning and teaching programming concepts. With features like code completion suggestions powered by machine learning, unit testing support, and chat software development, Replit enhances the educational experience for users looking to improve their coding skills.\n\n4. Convenience: Replit offers convenient features such as zero-setup unit testing, secrets management for hiding sensitive information, and the ability to import projects from Glitch. These features streamline the coding process and make it easier for users to manage their projects efficiently.\n\n5. Privacy and Security: Replit's secrets management feature allows users to securely hide values from others who view their Repls publicly, ensuring the privacy and security of their data and code. This feature gives users peace of mind when working on projects that require confidentiality.\n\nOverall, Replit addresses the reasons for target users to seek out and adopt it by providing a user-friendly interface, collaborative tools, educational resources, convenience in coding, and robust privacy and security features.""}"
Unfair advantage,"{'output_text': ""Replit's unique combination of features and capabilities makes it difficult to compete with for several reasons:\n\n1. Comprehensive Toolset: Replit offers a wide range of features, including real-time collaboration, GitHub integration, debugger support, unit testing, secrets management, and key-value databases. This comprehensive toolset provides users with everything they need to code, test, and deploy their projects in one platform, making it a convenient and efficient choice for developers.\n\n2. Machine Learning Integration: Replit's integration of machine learning algorithms for code completion suggestions and chat software development sets it apart from other online IDEs. This advanced technology enhances the coding experience for users by providing intelligent suggestions and improving productivity.\n\n3. Educational Focus: Replit's emphasis on education, with features like Replit AI for software creators and support for learning programming concepts, makes it a valuable tool for students and educators. The platform's commitment to enhancing the educational experience sets it apart from competitors that may not offer the same level of support for learning and teaching coding.\n\n4. Privacy and Security Features: Replit's focus on privacy and security, with features like secrets management and the ability to make Repls private, gives users peace of mind when working on sensitive projects. This emphasis on protecting user data and code sets Replit apart from competitors that may not prioritize privacy and security to the same extent.\n\nOverall, Replit's combination of advanced features, machine learning integration, educational focus, and privacy and security measures make it a formidable competitor in the online IDE market.""}"
Unique value proposition,"{'output_text': ""Replit stands out as a unique and special online integrated development environment (IDE) compared to others for several reasons:\n\n1. Comprehensive Feature Set: Replit offers a wide range of features, including real-time collaboration, GitHub integration, debugger support, unit testing, secrets management, and key-value databases. This comprehensive feature set provides users with all the tools they need to code, test, and deploy their projects seamlessly within a single platform.\n\n2. Machine Learning Integration: Replit's integration of machine learning algorithms for code completion suggestions and chat software development sets it apart from other online IDEs. This advanced technology enhances the coding experience by providing intelligent suggestions and improving productivity for users.\n\n3. Educational Focus: Replit places a strong emphasis on education, offering features like Replit AI for software creators and support for learning programming concepts. This educational focus makes Replit a valuable tool for students and educators looking to enhance their coding skills and knowledge.\n\n4. Privacy and Security Measures: Replit prioritizes user privacy and security with features like secrets management and the ability to make Repls private. These measures ensure that sensitive data and code are protected, giving users peace of mind when working on projects.\n\nOverall, Replit's combination of advanced features, machine learning integration, educational focus, and privacy and security measures make it a unique and special online IDE that caters to a wide range of users, from beginners to experienced developers.""}"
Channels,"{'output_text': ""Replit uses a variety of channels to reach its target users, including:\n\n1. Website: Replit's official website serves as a central hub for users to access information about the platform, sign up for accounts, and explore its features and capabilities.\n\n2. Social Media: Replit maintains active profiles on popular social media platforms such as Twitter, Facebook, and LinkedIn. These channels are used to share updates, announcements, and engage with the community of users.\n\n3. Email Marketing: Replit likely utilizes email marketing campaigns to communicate with users, share product updates, and promote new features or events.\n\n4. Online Communities: Replit may engage with users through online communities and forums related to programming, coding, and technology. This allows them to connect with their target audience and gather feedback and insights.\n\n5. Partnerships and Collaborations: Replit may collaborate with educational institutions, coding bootcamps, and other organizations to reach their target users, especially those in the education sector.\n\nBy leveraging these channels effectively, Replit can engage with its target users, build brand awareness, and drive user adoption and retention.""}"
Costs,"{'output_text': 'Replit incurs various operating costs to maintain its online integrated development environment (IDE) platform. Some of the key operating costs include:\n\n1. Infrastructure Costs: Replit needs to invest in servers, storage, networking equipment, and other infrastructure to host and run its platform. This includes costs related to data centers, cloud services, and maintenance of hardware and software.\n\n2. Development and Maintenance Costs: Replit incurs costs related to software development, updates, and maintenance to ensure the platform is running smoothly and efficiently. This includes expenses for hiring developers, engineers, and other technical staff.\n\n3. Marketing and Advertising Costs: Replit invests in marketing and advertising to promote its platform, attract new users, and retain existing users. This includes expenses for digital marketing campaigns, social media advertising, and partnerships.\n\n4. Employee Costs: Replit has to pay salaries, benefits, and other expenses for its employees, including executives, developers, customer support staff, and other team members.\n\n5. Administrative Costs: Replit incurs general administrative costs such as office rent, utilities, insurance, legal fees, and other overhead expenses to support its operations.\n\nBy managing these operating costs effectively, Replit can ensure the sustainability and growth of its platform while providing value to its users.'}"
Revenue,"{'output_text': 'Replit generates revenue through various channels, including:\n\n1. Subscription Plans: Replit offers different subscription plans with varying features and benefits for users. These plans may include additional storage, collaboration tools, advanced debugging capabilities, and other premium features that users can access by paying a subscription fee.\n\n2. Enterprise Solutions: Replit provides customized solutions and services for businesses, educational institutions, and other organizations that require specialized features, security, and support. These enterprise solutions generate revenue through licensing fees, consulting services, and other tailored offerings.\n\n3. Advertising and Partnerships: Replit may generate revenue through advertising partnerships, sponsorships, and collaborations with other companies and organizations. This can include promoting products, services, events, or initiatives to the Replit user base.\n\n4. Data Monetization: Replit may leverage user data and insights to offer targeted advertising, analytics, or other data-driven services to third parties. This can generate revenue through data licensing, partnerships, or other monetization strategies.\n\n5. Marketplace and Add-ons: Replit may offer a marketplace where users can purchase or subscribe to additional tools, plugins, templates, or services to enhance their development experience. Replit can earn revenue through commissions, fees, or revenue-sharing arrangements with third-party providers.\n\nBy diversifying its revenue streams and providing value-added services to users, Replit can sustain its operations, invest in innovation, and continue to grow its platform.'}"
